{"stats":{"minecraft:killed":{"minecraft:pig":1,"born_in_chaos_v1:zombie_lumberjack":1},"minecraft:used":{"minecraft:wooden_axe":7,"minecraft:dirt":1,"minecraft:crafting_table":1,"minecraft:oak_sapling":4,"tombstone:gift":1},"minecraft:killed_by":{"born_in_chaos_v1:corpse_fish":1},"minecraft:picked_up":{"minecraft:crafting_table":1,"minecraft:stick":2,"minecraft:rotten_flesh":2,"minecraft:apple":1,"minecraft:wheat_seeds":1,"minecraft:iron_ingot":1,"minecraft:porkchop":2,"minecraft:oak_log":11,"minecraft:oak_sapling":4,"born_in_chaos_v1:rotten_fish":2,"minecraft:mangrove_log":4,"minecraft:dirt":3},"minecraft:crafted":{"minecraft:oak_planks":44,"minecraft:crafting_table":1,"minecraft:wooden_axe":1},"minecraft:mined":{"minecraft:grass_block":1,"minecraft:grass":18,"minecraft:oak_log":11,"minecraft:dirt":2,"minecraft:fire":1,"minecraft:crafting_table":1},"minecraft:custom":{"minecraft:time_since_rest":16665,"tombstone:undead_killed":1,"minecraft:deaths":1,"minecraft:play_time":24325,"minecraft:sprint_one_cm":33801,"minecraft:damage_taken":261,"minecraft:walk_one_cm":6582,"minecraft:sneak_time":40,"minecraft:walk_under_water_one_cm":1771,"minecraft:mob_kills":2,"minecraft:jump":163,"minecraft:damage_dealt":350,"minecraft:walk_on_water_one_cm":3925,"minecraft:time_since_death":17003,"minecraft:total_world_time":24325,"minecraft:swim_one_cm":5504,"minecraft:interact_with_crafting_table":3,"minecraft:fall_one_cm":4719,"minecraft:fly_one_cm":37562}},"DataVersion":3465}